{"cameraMode":{"drawMode":0,"name":"Shaded","section":"Shading Mode"},"sceneLighting":true,"audioPlay":false,"sceneViewState":{"showFog":true,"showMaterialUpdate":false,"showSkybox":true,"showFlares":true,"showImageEffects":true,"showParticleSystems":true},"in2DMode":false,"pivot":{"x":254.179931640625,"y":-128.46192932128907,"z":150.20782470703126},"rotation":{"x":-0.20060133934020997,"y":-0.4403338134288788,"z":0.10162204504013062,"w":-0.869217038154602},"size":379.19586181640627,"orthographic":false}