{"cameraMode":{"drawMode":0,"name":"Shaded","section":"Shading Mode"},"sceneLighting":true,"audioPlay":false,"sceneViewState":{"showFog":true,"showMaterialUpdate":false,"showSkybox":true,"showFlares":true,"showImageEffects":true,"showParticleSystems":true},"in2DMode":false,"pivot":{"x":74.35066986083985,"y":-0.000003814697265625,"z":91.32415771484375},"rotation":{"x":0.3283427357673645,"y":0.2567141652107239,"z":-0.09321866184473038,"w":0.9042119383811951},"size":102.58013153076172,"orthographic":false}