{"cameraMode":{"drawMode":0,"name":"Shaded","section":"Shading Mode"},"sceneLighting":true,"audioPlay":false,"sceneViewState":{"showFog":true,"showMaterialUpdate":false,"showSkybox":true,"showFlares":true,"showImageEffects":true,"showParticleSystems":true},"in2DMode":false,"pivot":{"x":2339.413818359375,"y":-1534.295166015625,"z":1384.3974609375},"rotation":{"x":0.2926475405693054,"y":0.5218998789787293,"z":-0.19663450121879579,"w":0.7767321467399597},"size":2528.416015625,"orthographic":false}