{"cameraMode":{"drawMode":0,"name":"Shaded","section":"Shading Mode"},"sceneLighting":true,"audioPlay":false,"sceneViewState":{"showFog":true,"showMaterialUpdate":false,"showSkybox":true,"showFlares":true,"showImageEffects":true,"showParticleSystems":true},"in2DMode":false,"pivot":{"x":50.04305648803711,"y":3.617359161376953,"z":40.529205322265628},"rotation":{"x":0.15688125789165498,"y":0.5007158517837524,"z":-0.09283028542995453,"w":0.8462000489234924},"size":104.31504821777344,"orthographic":false}